T_soll_C,T_ist_C,p_H2_bar,WHSV_h,t_reaktion_min,Pt_beladung_wt,ruehrer_rpm,dbt_reinheit_pct,charge_nr,T_umgebung_C,lagerzeit_tage,ausbeute_pct
305.3071431561376,292.0158478319994,1.1739002480511678,0.7944036709490871,18.553915213245773,0.7644172800603607,645.0160548539923,98.6493775463021,1075.0,24.09801078642809,145.04705304311204,55.264254716520014
283.5270985838834,277.9020425576611,1.7259936383860963,1.3528360891949975,241.86813854845784,0.37829136166647404,263.117170703871,99.02047912490717,1078.0,25.897490656333552,161.12954119927312,81.3175907917456
310.80886479423987,305.7680074729261,1.946979484417584,3.452559346668894,163.26556910810825,0.8827704994468049,1168.752321361599,98.67182902232513,1278.0,18.359042579810215,12.620597767953099,98.01411394167872
300.32892188885864,295.09019429726936,1.9975503033288473,2.7315604516746066,131.26900765276108,0.4234494660056531,510.6541850810828,96.41048889263595,1104.0,23.98456767263914,103.46773162322079,81.5659828254932
261.1215276126972,252.31723779360965,3.284930606971091,2.7720216754699605,41.810509480477805,0.5964467762757577,389.3634916728538,95.57743511443857,1122.0,18.57489732672768,84.10920622062022,6.123330054314374
318.41545285638915,309.89005462066325,2.665049702812769,2.8457113937297422,268.5520801774882,0.686529449991531,486.0473018403953,96.1678587938741,1250.0,22.737062599229333,110.5707330848841,97.86191131389288
304.47408062937296,300.83005544514117,1.197016479710376,3.170160566638352,127.57706341155858,0.6505363043561947,1164.3731948914788,97.46408719120373,1131.0,24.048602259425902,80.50962364348844,96.89813313821688
306.094179843002,295.1849856302114,2.4944565538382864,0.7033796860250656,209.5357554896278,0.7803140409306053,294.286053488007,97.47585691923618,1155.0,20.873635178141903,71.75606775361473,96.09206225552985
263.32738612391046,259.269882259576,3.095011794870549,1.7831293472641434,57.57163456492297,0.7568807144084786,1067.3030405011814,97.85495731164124,1097.0,18.08747776888531,84.93852823730809,17.881834397614043
284.27508596321184,276.18728492210096,1.4066876116148639,2.3883460234158753,289.04164441919426,0.9944294038696384,907.8438944014478,96.93599900398466,1138.0,22.76151481700341,104.75984317615455,96.89914000821375
279.1018715751178,268.4810298294028,4.333834215154239,1.684597691540641,65.85590211922181,0.9995953364569314,1030.0191791590282,98.85576776910514,1277.0,25.929957025120224,90.17697798571982,21.96126025403092
315.2397242751591,307.98774162502355,1.207847465860417,3.455676056505153,71.86946797635476,0.6615215818449487,1175.8975403678965,99.47445337670132,1213.0,20.060939382707964,84.98600118371631,93.49461317308874
296.85123280524317,290.4135030895839,4.699367476072249,2.189003780055529,259.81011525894843,0.3666393608726048,1042.1546555168718,96.2089527620494,1399.0,19.515930217497726,147.21035579245452,65.97256911576352
308.47950486260396,303.52825844882415,1.396452566319502,3.190196563107827,275.0860820804504,0.8094903092781027,1143.3823512778529,98.60896376673925,1308.0,18.99140714202812,134.21663842281438,97.41894684540057
283.8219229237765,277.53127497674507,4.3742998063910115,3.482054309084092,75.4620111441409,0.9836648547516125,326.93525679091977,98.32206207747072,1006.0,22.442044959200448,61.44812895261471,20.287587351121815
269.7705169160105,260.8513915934413,4.610612575710468,2.2667701901622435,148.89325312982595,0.5228284713403142,995.7885651669701,97.56314344646864,1151.0,22.771560794882188,144.10388115275768,18.862445968639552
291.04801115602925,284.4230311747689,4.918282722346371,3.683432853549725,224.0460478004065,0.6228462200863016,745.6756940810478,95.92379814598338,1115.0,24.33816669736322,153.65712042081003,57.80482717333905
259.1481216467714,251.6650501053891,4.208103521094374,2.554933791879432,265.33423413607846,0.5973438473708191,743.4955950798607,98.89663806705528,1235.0,24.02458618896408,27.62859696735429,32.17235984347327
308.7960261795178,307.6257876609893,4.117910163085316,3.475960045918026,123.03001808563198,0.3359934081898505,1098.9215763205136,99.70706879958128,1106.0,25.140331958360697,104.88284311153657,59.580803029555106
296.0581859429342,286.46445727191764,3.5699331039821907,1.692067784570335,162.35055375208734,0.7705851018564114,1171.8038186467113,98.5369980279447,1386.0,24.446181586738412,51.35615884785848,78.30125755680118
304.27570310554927,302.5209888165687,4.1159854183125155,2.2458593548601984,226.38917699812444,0.5473363865479275,904.8383230431809,99.4975139834661,1119.0,19.978136664635556,133.05101794681005,88.20191740228553
278.04418792844143,270.86359122805186,1.5382088336525883,2.359938643516022,223.3737533460467,0.8512247122420515,682.9383894717839,99.8225077982452,1208.0,22.44701923900609,42.981359284562984,89.85072856816679
318.0953715856687,308.2442115754482,3.144272143790549,0.867429005636247,238.1436370574342,0.8824840526973903,656.4038579018454,96.72504830377227,1049.0,20.37929567274864,120.85263435114572,98.83814062821857
313.05287288594286,304.31370037741146,3.056891480761658,1.8949337734553922,177.431138312835,0.8748615506184918,586.3414572231818,98.12729540933906,1363.0,20.63828303641202,45.9224380903741,95.47496199733583
305.5949273097945,298.2813686683364,4.430288576490231,3.710681853930866,44.81530258936094,0.5916661986279161,561.5990295726626,97.32227041442658,1364.0,25.45555495383997,92.00587741738977,24.20450109241267
267.6515160103779,259.696863660532,2.8511974623740635,2.7079128412765985,272.6323879002414,0.5250819775686296,591.5068416844314,99.83448085962983,1317.0,23.45516724053659,170.7563642249146,55.1501007032416
285.3368652422572,278.6004370590624,2.540357984401414,1.1212730385293863,261.688173706493,0.8241745457669383,289.7532352511953,95.45965833763785,1140.0,25.796723306008847,68.63535692215821,88.4238493056929
257.8472447761699,247.97999494250837,3.5582530849484404,1.6859947246336173,242.4577692082249,0.8609726036899061,277.43608526043823,97.0206370800564,1023.0,21.335300293749956,157.63292747337738,29.932779083285983
265.02881698439063,254.36873005032285,2.0658532700033843,1.1706105338194495,43.460805990807906,0.6438802124739562,979.8698438723118,99.29014131818346,1284.0,22.29950058683181,177.65002461670102,15.37364640735175
299.39818196075953,291.0121634428411,1.5590736438158275,0.5868809612950039,73.25324961820732,0.9251217136754122,646.0728929202262,96.39185142157993,1171.0,21.896923359331375,157.4731527849294,93.71671794669469
303.4095401340081,295.03883997835885,2.911509096094983,3.7461116047640934,226.9261040556808,0.40073608725499077,1130.6844885446205,98.86018496813048,1396.0,18.858296460189816,29.855885350201714,82.92906178500637
317.88813260822366,308.7412898239075,2.66755747437954,2.06872564889905,21.594926955854735,0.915348145761272,812.2210085939524,96.87563749762326,1279.0,19.893615956212827,147.53847951632935,51.03585289161313
276.1786482789799,269.9750219455706,1.9302797621154948,1.5763727534727514,294.0790206065747,0.36726666308031686,235.17598218441975,99.80189484546179,1215.0,22.221090884835856,5.786891118101025,69.21125605776422
279.0798808922665,272.7183983411803,2.470047240460512,2.594670170452078,122.486233901369,0.4074678654382297,357.52334131747944,99.32929619847617,1394.0,18.538994441064048,70.79433906587542,31.069199397509006
285.52112773292754,283.8811185006752,2.4655697993049897,0.5256005970255547,220.00407210188473,0.6736880092917722,405.8197930130076,96.47646975254682,1320.0,25.451695434471112,156.7320071972155,94.39536372695771
267.3156383404786,263.3561661714645,2.309982257650182,1.4730773731028484,267.9577602190924,0.3472629361311905,1175.7360243896605,98.77394625633549,1183.0,18.99074945554697,123.97539829678557,70.0576671857457
263.44489784680565,259.96292424071487,2.517856318907716,2.960617129946124,127.46951812277345,0.3369649709800772,418.7042261516349,96.65059706478301,1007.0,19.583845971335258,95.89327692081805,28.386627825705318
285.9208202046857,278.21056522723666,3.7429733818237816,2.7181942057424204,105.95275925090482,0.3003631209159939,715.7556762880513,97.97117791705612,1037.0,24.122569791509093,69.8155245148717,33.8637723654864
269.74910768830745,262.6778588235903,2.187505898285141,3.936320816398874,188.4912217360003,0.6054216617859842,1136.176931640196,98.22655576512713,1177.0,18.77547633431451,146.2134503646515,51.45496346645717
298.53790965436315,291.9581551388071,4.795431706861361,2.6712519838031543,180.58197151819445,0.8422367169045608,1177.1927299143572,99.06501750451996,1224.0,25.202224796923275,127.72051271067976,72.68532946373446
283.4148747267015,277.2145900471172,4.665392078152712,2.171270557697065,131.6048936230672,0.32438684519594096,436.36043538354454,95.11980912032188,1012.0,23.805607765780284,84.3129575308212,21.14150899103275
309.12408274375946,304.58233905234243,2.9236417132003143,3.1650139711440266,186.5058054222969,0.7565803245260987,249.11764375004014,96.07877366664627,1050.0,18.54896685687087,160.64718069773878,86.23495736566676
300.51723163014617,290.6141644080159,2.313444820018755,3.661647551874186,281.583690326451,0.8761891221913305,353.60183253775847,98.48839727188404,1281.0,23.534776490285225,41.39064320735383,92.7307104835787
275.3038316898327,270.16822262690226,3.1417391593200126,3.0224358135142304,148.27747313858,0.4176005940045098,263.3284787025581,97.76126386115074,1300.0,23.05302833737054,30.67047164855248,25.324806542560612
309.0968870906881,303.39074579649196,4.394241955094499,3.8712392824228288,71.07152151392992,0.40280461437498294,395.12424109233643,97.4284648831856,1011.0,24.05879546191935,115.70467758004467,28.863503844641336
307.3096832372921,300.25582459872606,3.610349362240408,3.2370180975836202,122.50370512165611,0.9025606815343752,768.5697147037354,95.27052878786911,1203.0,24.625582819914687,174.95898168631865,78.82256384913173
280.18609463696134,271.51989311708905,4.21756731178831,3.5338050339167424,127.3204900390388,0.8761872269650663,1112.4487962956418,96.70655182896114,1032.0,23.746804505385242,44.506183195218654,38.13270031564122
273.7413267554659,267.0818053576002,3.1308891042629607,0.8993642491427302,52.36597751247266,0.6772592363849308,737.21888369434,99.23899113636219,1289.0,22.689410362167777,44.940668208088766,28.213277834713168
299.3622077583734,291.60208206342713,3.531670517070483,3.0634472604782568,61.41837765804815,0.8734399155057861,825.9895566990807,95.15137490147656,1333.0,20.579706548654222,25.109792633194186,39.9654869561566
264.0839114346051,258.2786828431614,2.152622456729847,2.04031044834579,210.100190917198,0.36492925419714634,401.8672516095411,96.94253755328758,1347.0,23.578189294639433,154.90143994925378,41.42714278464841
267.99403316088205,263.60441729623295,3.939572649241163,2.435863308439463,111.75115994953727,0.576137062557128,1000.5836206738502,99.63122660958679,1239.0,25.655772677046237,40.75155727404014,22.498012964593922
255.47854753381534,249.1042522228109,1.8096183725028734,2.789358433188249,287.1460416789052,0.816458289274461,817.7889085055832,95.24931559927057,1251.0,22.700174244230993,90.57213481047981,66.39996739484907
306.150084537639,301.07383562892136,3.779192515273993,3.894352908469493,84.42507242720312,0.4802163715267743,1064.1368291927247,98.67355818011872,1370.0,23.314758947474033,178.35704604039682,52.69553609684047
298.2153056784821,290.30851590424487,4.442876273303576,3.946023285010686,43.19348395487436,0.8266302401034868,1148.843107005784,96.26230181929198,1244.0,21.497024337598404,2.1853621659678413,26.608630594553244
300.8357496107118,296.6705963394144,1.5284113492061757,1.5087988592076684,229.7488004550735,0.6529250230735697,547.9007757565923,99.246383277553,1178.0,24.048966477944596,100.16749629194294,97.23353795024863
305.7473870164279,298.27743453065415,3.457518962167679,3.068137241032707,266.095274796593,0.825186191563763,290.57905853543934,98.65573309690089,1301.0,25.98133913870909,92.21202768689024,85.50003860143619
284.8295254099921,278.40313689777423,1.3803829929197384,3.1249423827734404,94.26230670837404,0.6252757465001306,425.92895791678245,99.33995533720598,1236.0,19.28311459254189,145.34052775382784,59.73386477314325
291.9681777369381,286.85329757376036,3.9028625130857075,1.7127250145956707,72.59510896896123,0.5575330381552723,637.8415656758373,96.0580314731132,1336.0,19.619242236030097,63.95067711949986,42.35331569961024
264.08680487829776,263.09870087162335,1.337972875294081,0.9335442120247736,67.94334843825985,0.45343245153504264,1145.6936518244734,97.60333449861116,1209.0,22.315502069315116,73.86144460182749,44.138761932692404
262.4444547798383,254.82047788816456,4.743759290802505,0.6433143610000192,163.773505889456,0.4458655390045105,578.3098223734153,98.81842272351653,1347.0,21.851003178093265,30.22883650779546,23.932725529615773
298.4461925163807,293.1836162767026,1.5496317201512086,3.220700946352125,148.49874275532972,0.8260435673999771,970.77321366537,96.20392874067541,1017.0,22.57255827605375,133.3467416944416,96.34023647740483
285.6212533993036,277.1568533828372,4.8355209836363215,2.213949096359171,88.94035435854225,0.3832372436237723,740.476692170755,96.13065689580937,1014.0,18.392592381794184,141.2476036538667,24.83447865248806
291.74034692127725,288.05722199891426,4.203536704340387,3.9493905932322417,27.874338341986522,0.36018764507766154,382.80877043097655,95.13319245413817,1039.0,21.23421165064359,24.599397740189445,7.7423858495265865
304.72492573204164,303.6496842196879,3.3747280178654164,2.1274070966777856,152.22503199299,0.4234039555154911,520.7341189534516,99.69672494047973,1222.0,22.663826096524488,70.82227331789791,80.3110842913297
296.2566908000384,292.79530620576,4.130496418518188,3.922709426758441,288.4097190761484,0.4227425580177453,853.1918850228186,98.47908271226765,1283.0,22.681530810439703,160.72289916528294,75.57311805150643
290.98266104276973,284.1009841997683,4.180459355932344,1.9405160076792096,200.96797221450902,0.8761753359648299,872.8533946848935,98.11424573464991,1086.0,23.25867169414699,0.48730926164168853,75.7088056552364
291.34846544845186,284.64174879849344,4.784108251269322,3.277887526959904,156.21936863915624,0.5789546364319487,634.7597468090462,98.64557414120546,1062.0,23.761728232021312,53.77663271207381,50.34012540582182
274.75675637406977,266.86542869423056,2.013533415356749,0.7968674530914122,46.547241098440594,0.9932719201523377,428.64560266211464,97.60490330160765,1344.0,23.132377626726853,99.90761130945859,39.63716360453776
257.0031592469161,252.07233377030812,3.3603035814332367,2.4441159854821737,86.94434280663238,0.39604788045342865,921.9067795126764,97.33305572334301,1300.0,24.32194524311548,60.1368947387916,15.185420364900562
283.38663030010355,275.1126144947413,1.3801967902576049,3.3072092544500347,99.01057562874468,0.7574778779855502,368.87304161271476,97.20270798150526,1259.0,22.998085077476734,48.96813405198049,62.917972976528155
268.9480037332694,262.6256134489794,3.464662800096485,3.7364558352696102,232.96901249306177,0.6141106550408754,1136.6696918651267,98.13815213930785,1195.0,22.300061300297635,82.80674728257827,41.42673406287299
281.55436184210134,276.54054405335177,1.6851652163711552,3.3790408171610107,264.8625772204165,0.5750427236879517,387.9035790364767,95.98752137942267,1168.0,22.849571431102486,32.67415945974487,84.99855077851647
310.4711997624308,301.30796857563627,3.2598024458897674,0.6293975452041098,271.96792826643497,0.9125589393378575,307.3123628325204,99.35148760557287,1008.0,18.80954693402666,95.3325433727071,97.35329269828158
270.20606658124717,260.5347448632616,3.289722056135399,1.8044581945735696,295.6020533514649,0.9829169520798797,697.6477023653788,98.9775866189744,1075.0,20.18525232580416,127.20526583638066,66.99360927970874
258.7896782097893,248.33113502023497,2.8639406119249093,0.6704446530984794,294.9745046847917,0.9110012711419251,719.549598109694,96.71286169611497,1358.0,22.219198245265048,103.5530914731304,64.8120111801444
273.2899529814298,269.5418851868778,3.090527102052491,0.882488018900953,286.60475283887473,0.43461047532459307,708.1929147782448,97.83518555438137,1135.0,24.98389772321366,16.759679554535563,74.62307850789178
274.08359425483445,270.55595416208445,4.055693560026352,2.8635697003361944,35.46931004332205,0.4545585448462538,636.6674893388395,95.69103376975507,1281.0,23.432412450303943,151.9935505498032,10.6828154707983
298.02457345724815,291.97871614236925,4.1969788660482665,2.9964036870909436,54.27115773942448,0.7592517153665443,1194.8148928296082,99.76449661487463,1281.0,18.72326462777518,31.496010747747874,34.16183561538591
291.2070899021831,288.3163139433057,2.9686128623017165,3.208022389630692,101.77296004566938,0.5023585071467341,686.2806126705818,99.4241741693884,1123.0,22.738199603555234,137.66616011000315,54.68265460981239
305.95338359191686,299.260846844216,3.398373766090449,3.52909791819482,172.57600240837152,0.814307591546406,677.946580739831,99.51729778184608,1081.0,19.77390390109679,64.90171993965308,89.84814810736385
298.18038012128017,292.8638374500843,4.724944942760407,3.0880101396677846,42.6386982810616,0.6964944555667512,621.7660627145613,96.62759893374691,1276.0,23.872132478309783,140.89704265009843,18.152987690800856
281.4151459936046,275.9697715023475,1.4789343540044912,3.303050572373212,256.0521329736106,0.685636137943282,266.82575470146287,95.82876006617599,1037.0,24.61952682006998,37.129122612962234,83.29646558057658
307.91132500329223,300.4300398762493,1.468414263600442,0.6713729843814773,190.77551103703308,0.87998284738715,792.9566311496161,96.03768360098492,1197.0,22.747650180719788,33.59917866517736,98.26232257297478
265.85323979400073,257.9011941307963,1.3508360476430736,1.320873026544545,169.57385465612842,0.7973729402198744,427.96777222318246,95.44100681612095,1355.0,22.730900878013678,89.46465231914681,68.92417283511307
256.47628475370095,257.43579389545454,3.6314531401621113,2.6766422068133604,62.11372715967798,0.3186044354981042,837.6089802290498,95.58854208749679,1284.0,20.70873154568651,5.928482645704889,8.584198022683573
260.8531109504167,255.85109041872568,2.674433203161518,3.503438566186881,87.17781020405624,0.33462139600221097,250.83346194847715,95.34939221750574,1305.0,21.570000169290473,40.55352098082001,3.21385116505883
301.95335778876927,294.16188132398906,4.097285664567373,0.5157504372888069,60.68892711994354,0.721090916719211,1181.3871012530017,99.85013303910388,1033.0,24.912866830522763,130.32220539318268,63.13320447541946
285.02201996634017,280.13483486031686,3.6849256532343704,2.3012026974072244,257.80094997151764,0.6403344529355928,669.0050790126722,95.36288264850846,1079.0,23.786562647737252,150.72902609497658,73.2402924122258
265.48266563718414,261.14396979839256,2.3345510333129527,2.87050589777539,181.50494011744718,0.48212925874009394,1096.7553715906984,95.64945619666193,1110.0,22.158029277566744,14.541365508805878,51.47699956231836
287.56791038171866,278.91901341025374,4.5934661894461435,0.6036255119501462,224.5118868430955,0.5930592611203611,675.5611732329348,99.05354751839461,1116.0,20.945859089986968,158.77398769885878,74.68368807393453
264.90028667635596,260.3869554977182,4.050128588282609,1.9047444514368577,99.36936592935733,0.8305372231130024,260.3308185742217,97.84317706204043,1077.0,18.403037906308434,143.55309672957222,21.068696520954084
300.26082438005284,292.7818280787177,2.082139763640703,3.634722084842939,120.80700157015899,0.878628039260551,1022.2135460938069,98.79464430238973,1388.0,19.144059210611083,156.54317322725376,86.7100607319523
284.000157912312,275.3989726176992,2.456768071088216,2.8506448309955057,130.38366486156212,0.6928561475230308,848.1837296671343,98.09146883808602,1065.0,19.544201516314963,125.71713982419118,60.96792897291709
279.7663796962714,276.96315292825005,2.2577599208170516,1.3318042717620906,231.60426694704995,0.5697586365999721,981.7570475739451,99.32265784461185,1283.0,20.9870683460694,121.34755211291365,88.14949938832797
274.59828579461197,271.03784565384404,1.6304465944999986,3.4847339537116944,235.1206014872519,0.4894877330465749,628.1698635088733,98.12849088604723,1234.0,25.553149176610198,94.51678200207549,79.5771534745375
295.9683685527277,287.19431859321145,1.5911334901687666,1.7181099819333001,73.94185534149904,0.6653429295384774,837.9367442466449,97.55841295522544,1244.0,22.04122715886999,117.5017004084367,76.4672455998775
278.5178196859704,277.305673536567,4.744509853502976,3.486706349004208,283.33857417035824,0.5203247329950667,1056.2290037966075,98.49247349943037,1085.0,19.87872130607385,165.43973962198893,52.57641604879007
260.6972447555466,255.9773993903539,2.751616148795013,1.5463027789161694,49.386771171450626,0.694866595933056,831.0654428718875,97.19222448378135,1123.0,18.846001099692113,18.093960255007516,16.182569214230895
262.6703836378335,256.00601217691786,2.5332792911096393,2.5661208780910214,270.3947934907346,0.7736566677567462,547.6736348359033,96.6957127322332,1242.0,20.70644419682371,56.83760601229641,58.57958163022757
317.5233481957184,316.9442968822249,3.9187428347095117,1.8892902371174194,43.612759010195646,0.34625544764357635,862.5295943661998,97.29149701700604,1119.0,24.525845084408456,13.04189524725693,51.3961554393535
314.05774489599446,310.60371666732414,3.2119722610115997,1.4618876776427345,90.39384617812367,0.30074722551592303,871.8541886140673,95.83159911498295,1277.0,21.066742347284062,170.06493094992692,71.14758910903531
300.4809636976987,295.7276169493387,4.744559947353849,3.6029514676015424,256.24638277936776,0.44859399718852006,1160.586962506625,98.90320147603319,1015.0,24.180046448179308,80.14778387988984,74.27183506984267
272.2815474948688,263.27193894920157,4.121205975637569,1.1565778867882197,66.15524061863492,0.9261580484031466,570.9123215416691,96.27744852854613,1029.0,24.42163980901503,121.56200472171392,21.755580566810128
317.99646452760203,312.7621142885177,2.9174782564981614,0.7968405693251708,132.8668604233414,0.7524035342599913,625.0817675141311,95.75230457705153,1291.0,18.886566157589634,151.40161161077785,97.51535770942058
305.61880875777666,302.1451018077539,2.505437893923305,1.6967442849098113,143.20990048407597,0.42037224635591597,1012.1229611870592,96.20712598473781,1246.0,22.86927802101427,178.38004465376795,87.3931623551181
301.5978622953347,294.09104996343285,4.946526179697289,3.0117370167454864,84.89880731161475,0.923184773276533,705.7623147427412,99.12614374368398,1017.0,25.672768506968886,29.120842402607835,44.92110513233295
284.20849763934626,276.6967127116307,3.871040944014574,3.326010620916986,217.41988238075618,0.628969158201138,936.5730931157331,96.61798634842889,1359.0,21.21710459922843,143.91226902928116,57.82691976497445
272.6957015199353,267.1819618210503,4.804778640015364,3.995601795233677,257.6303750796281,0.6332642296750624,659.7094644535921,98.36164436057892,1001.0,18.407552712024177,159.73612166461254,44.681615856911854
261.26541253997743,253.38257904716158,1.4739143088681654,1.5372671995390772,264.25391485883796,0.9548793606898585,415.49514181270047,99.19640719021312,1382.0,25.386421522063028,8.797567833157611,80.21155707568049
313.66915577534974,306.6856681669645,4.402134716763131,1.9277968289594876,111.70681153491986,0.341640684528338,945.2038427810108,95.3809488679327,1291.0,25.069330252579864,135.73630083340322,62.110339509259816
284.6254588391847,276.6837229128309,3.5482955359648303,0.978874473103692,166.29236237202713,0.45062479224010293,331.15516918470996,98.74861958537241,1395.0,22.177131577672014,63.850557815379055,52.08194926914581
268.15361871168994,263.1367165794216,1.4876867133404503,2.5120517536806175,85.79582510171068,0.7100399276083056,398.58366353130805,96.50756078525725,1379.0,22.418024962752078,116.74742246467777,45.267011682005645
274.8871805697924,264.5419829364343,3.3530319998768827,3.99153013042021,84.76700294179145,0.43684055670740285,826.8249827842086,96.06144958450182,1125.0,19.693928822209,92.52867528699565,16.852615882642898
292.64927198122325,286.4471617018604,3.744385460421795,2.9530835354223046,60.957407912798374,0.7756689064462704,947.2698001920697,98.37561711701957,1302.0,24.5556060443571,46.753605375594645,42.75993224351979
266.49023089105003,260.7392605487774,1.0492107435544114,2.583244941446801,282.9054180801417,0.44986460253570415,1094.687886867815,99.45800345139286,1084.0,21.988800307137012,24.339845160717488,83.9837437959502
310.6799284660044,309.3416117246252,2.817271847366986,1.873291825226279,268.07681615259025,0.36940987941917003,472.5864974158917,96.44559412269074,1188.0,18.271022361140453,21.05050195605749,95.48324648147563
304.30376943928866,298.54880170865863,4.301598044785285,3.703545660999442,236.54723329839229,0.44488961174858777,310.7242586005543,97.78728564638317,1096.0,23.464119651591982,18.598114387528504,61.54428153904631
301.7650921368109,297.6404744642224,2.1814361013763595,2.239208086456223,162.53353356700276,0.5959138239904436,1156.0466595226292,96.42018715786251,1194.0,25.60397015842165,114.80220722422399,95.5116736696138
283.0860475853817,277.67305627813164,2.8341923271942044,0.9702841965957152,154.8232559208835,0.4232968094211559,354.42308802214245,97.7159993700595,1348.0,24.633203922766,63.253953251916855,59.84466006592114
295.77507464565883,291.65961407865024,2.7692565082715728,1.7788246211969672,165.97751486201193,0.3942844174463431,397.6669822546395,98.04712395020627,1174.0,20.21758512168432,38.99401887705704,72.24217208535958
292.9663679793278,287.17422442523235,2.2077095657699664,0.7350833409671842,167.92188386947043,0.9021973203532585,491.32945355846573,97.99064340507188,1036.0,18.426600679466723,124.53931668706255,96.75075475219467
297.2400291010633,291.07673827004055,4.673767582062217,1.2069266319107355,138.85047913884176,0.5242780425181155,729.3913540262874,98.05537721124946,1129.0,25.522811300305445,123.63292183796403,62.48653459083344
260.4888808740928,257.3661151366126,4.1251761417260635,0.5618407334996927,52.550127374239224,0.5525310805627774,1082.825566034078,95.66189098186587,1314.0,25.49650179903761,97.05029262425958,21.639535046617603
282.02748114108965,275.8092100915502,1.442353643984442,2.0864797077505717,50.81419806753276,0.33868928665085934,960.5460227298669,98.39834830097493,1208.0,22.259322557702955,168.29240703585316,31.366875990691177
257.70492130102303,253.05207313594286,4.988138631350292,2.7208909273312902,286.3911690160197,0.5501587364514379,908.1575538426351,98.3062767462631,1224.0,23.138539293372283,69.37456165945584,26.705788814651278
287.1094032508937,284.22702049627634,4.5168000972309805,1.7015236183261773,152.3787664821099,0.48536502412510574,375.1805678560037,98.34468179886274,1172.0,21.700800485686464,150.45533482847273,42.21949343773006
276.44097880163105,271.5290240007343,2.135633751456156,1.9713362002684698,286.6635745979788,0.7273395471392519,557.6826315259742,95.36294570841966,1117.0,21.358122936790068,13.525093427795337,85.83839570599564
264.39407227629306,263.94761175488685,4.347586318643753,3.8572324549560157,61.619410147381345,0.4437732083706847,678.404926086678,97.18951032782935,1239.0,18.955587487429604,133.1695969269308,13.691282731279822
261.7211929019659,252.5104915010185,1.4256781274855315,3.1318709255122044,173.00871733138106,0.9218558171439883,347.42595348558586,97.00427214702408,1253.0,18.77402318688877,177.9205344897474,50.48828924800407
293.1968971915513,282.4581690307223,4.996418921896955,2.392998229307329,74.19941720518868,0.9507666346436885,473.4297021266725,95.42488626985168,1359.0,19.8618571734095,152.38767893180705,30.1890298050618
266.0885429548976,259.6817152760658,3.6627389444261476,1.4958930628913882,87.15761274608144,0.3698817400237531,508.33320395284426,96.08960284669438,1247.0,24.693125971252353,104.33964947581069,24.27524708433365
315.1328076944918,312.3346889244864,3.600500062235188,3.6394887957054833,23.565554946935954,0.37518206940200405,327.27619832903923,97.16071689581038,1398.0,19.16665840588544,112.81789157888892,16.127863534678717
292.76897408052565,289.58003349585215,1.361762907936531,1.3228399090823082,48.901693560960226,0.38072850667769154,750.2396919082576,98.64024091830461,1330.0,19.813589215317684,63.592118898650426,59.95431088146478
277.5465372947644,271.3693110694854,4.588133595586501,1.6386995568083698,276.30179617432077,0.7336984794172183,905.0281965241929,96.16160417722485,1031.0,22.38891247457766,122.30733928645871,62.873236595206514
293.4095069462921,286.626731788576,1.1159980128178777,3.68172685048032,106.63690257246454,0.385378274946736,269.9316314768612,99.06577455961207,1156.0,19.721049744626196,138.67116897263887,65.46996015156103
256.48225161693034,250.78935392694714,1.9633122321645882,2.353397193497753,188.3168253956586,0.8966676225511863,681.1231017631497,97.67441160012338,1153.0,19.305653477742297,179.6811266012137,53.51012011995182
317.30634886069396,307.6440579871236,1.57208750066654,3.0981128229629182,147.5290276169428,0.8279900604565247,982.211195267795,98.72606625740463,1001.0,22.5065299335837,88.64332506007794,97.15391409053214
286.34972340128854,281.656215277918,4.107071762768874,2.5676067795731816,129.1286048949043,0.8738662007666167,947.9901289524469,97.3155243183506,1072.0,20.944746167972923,11.03473183921961,55.92829195077308
305.8777897712686,306.154700089255,1.7928169088515915,2.7870372315332332,166.58753603362942,0.6682423688202146,1015.0730962187541,97.4460517045689,1304.0,23.009274286723752,107.25443113157735,97.67272522317786
260.3774499949585,253.1975982290355,4.642552908523541,1.5478415203018896,68.36309921537233,0.9976740480634074,648.240633170607,98.03662500796024,1140.0,25.297642723269412,21.424346996790348,6.00584995862719
286.63279150448045,283.93009397056204,3.6250761573099606,1.3448022156933201,296.75211107807934,0.33092257206091286,1020.5570826398607,99.54705598001254,1059.0,19.207945051480543,44.05770784009981,77.67015951824452
286.89595463304386,280.3263502918919,1.1446508419787849,1.6287232150903284,248.21774258060094,0.5808854749302793,440.7530712142695,97.40988164892326,1114.0,25.307469278504513,59.1803840350327,97.61358950659493
315.95871957337386,306.81571625744476,1.0217193365148018,1.0440454742919787,226.36017032848187,0.5267556682563452,560.8105614175154,97.59042193673064,1109.0,25.21991973938335,131.5853771667139,98.34934832265722
292.1623234044449,283.05202971118536,1.2066316680575957,3.560100278517826,148.59639964897644,0.9640518490988488,376.35557641780133,97.9497851212849,1069.0,24.63270066668722,33.085462298130096,88.7114121894912
285.776811068702,277.14962551259487,3.4237007105909107,1.4913642663753992,58.569979806005755,0.703802670948315,667.4845394285718,98.61382417275885,1040.0,23.050287338448683,29.835530431623457,32.446026796472715
272.3534181009731,261.9840059779922,4.205927243437661,2.465212880450346,277.38976960796685,0.8643336758113076,592.0600224154432,95.35206664388255,1305.0,22.96117325972438,8.093563649788944,51.519198561008004
276.55198482726587,275.8257436862905,1.954211282509554,3.271910487994809,112.29531420379237,0.4192388355609632,440.9271164143122,97.52686844875767,1329.0,23.113701279492012,157.18318854369855,48.380098474800626
288.84370616064996,281.5337402959248,4.397635371692292,3.2433843828149973,29.280406563626123,0.9850439007303071,951.7807092307816,97.35979878710961,1198.0,23.523964409742504,124.83097638409092,9.403842720070369
283.52924491982805,278.4702715002983,1.2289277606130415,2.0343519050446752,112.58504789102916,0.6490476828134206,513.8467721116466,99.5162564227641,1246.0,18.131857604769255,7.190363811172769,80.22882704987026
256.4047851922215,249.851513268453,4.203855414566705,2.16690058005354,241.42025369132705,0.645570453389452,472.8043301458357,97.41818224413808,1367.0,25.6647406332852,5.092615014860624,27.801785952463142
308.7089750726333,300.45094283136564,4.7111817206891216,3.9814561212725867,192.47199232163933,0.9796193099820165,330.89033085049505,97.29477062000223,1337.0,22.68483009172464,100.5613733655101,71.31833596415473
313.25045016958484,309.9733857533994,4.088433596417522,2.8610911694265844,228.988996652285,0.5665126528520015,638.8217018019486,99.71477994382005,1013.0,24.251726715219373,50.856192231607984,93.4031946372353
264.1161907849097,258.57544402064923,3.7924831359145488,3.3512345509125896,241.18608440077756,0.578267517188495,502.96462883730203,97.20782467164432,1381.0,21.018254712490904,107.41074307774718,30.591375457747326
291.0123493300382,285.9239146419119,4.351920874621532,3.6589388922673116,75.40706415795464,0.7093268919634557,569.2728413409686,95.88633370857825,1026.0,18.09917771132637,78.22875162257375,31.4452861614871
262.05742317380384,257.2883927542441,1.1606051981882657,3.2565644268026874,278.27824508655635,0.38963682738345085,435.99726262055265,96.06288900174836,1010.0,22.077877279011553,166.19626121584582,67.28614875595464
298.6956060475878,292.7943100570475,1.8071284428762215,1.1481277073374865,139.8270368323062,0.5247599384882984,963.1554898199005,95.46641893785117,1161.0,22.057520954527433,51.805622693046224,93.56163902998786
273.28019594953554,265.5735098309419,1.4996947172225723,2.4675975680815028,197.1188900402869,0.4352458257115913,1130.0033473547173,95.00278383336882,1298.0,21.495914306491613,122.24616631900084,68.9662785907845
297.8624712549736,289.27763270551634,3.018123960771946,0.8566295506009071,15.658000187221472,0.3722984353749347,697.9318527888877,97.11653373890236,1032.0,20.717736433296615,9.729776091347855,14.235666704930921
302.2546499286474,294.241406399711,3.980752513315378,2.7852274429739943,298.11002204718574,0.9063012244317139,842.9984233408326,98.76928864836128,1117.0,19.998608702477775,172.05489615400657,92.40917454819537
304.9620869746477,298.81118879929744,3.5200473783055948,3.8437229986573387,95.05546999978421,0.7125318162892331,1067.172276606706,98.5939855697192,1105.0,22.220358995977463,176.5363442235034,62.57712221926267
262.0031614871333,253.8672496819567,4.40452439904774,2.29456222505039,32.68798536394424,0.5510709540695378,1198.8296373336586,95.15753053023397,1158.0,21.00222511754795,133.03343322295424,9.692548886093604
314.5407699339445,308.9485138459281,1.6208519697643635,2.015403725037185,145.60468183790647,0.586068564156699,813.5164847298321,97.79291622761076,1394.0,25.75945506439847,83.73824488144317,97.4735648352521
269.96390940816724,264.46978523125944,3.9384843677406463,0.6254496299635711,51.773566296881896,0.6020633025811482,1089.7794665398687,95.75598731452604,1132.0,19.383418462135452,39.59881907890704,16.15566213416548
257.4318161514517,246.22937197311327,1.7721659634756164,3.8592108281522712,58.41311239490908,0.7432044275012966,1108.608246555642,99.61127379534702,1083.0,20.557324541016698,146.25294124463366,14.189162641782463
291.06541051044644,281.35970481533775,2.083035005271201,0.8605093944555557,195.2006017136099,0.9487385740422953,991.4514878076224,95.82008849825648,1048.0,20.35168376739657,132.543737486464,96.04521392620514
279.10994845105853,272.28825461471723,3.8396187891252156,0.6437768265669643,126.98430659751648,0.9529457337598877,660.9313910731103,98.07053216671767,1079.0,22.346473409887658,39.95172712097083,62.00187802428062
308.93633330360683,304.3435961942487,4.920819139594727,1.3612331402672846,277.7279482941736,0.5740443856714643,281.15400042389933,96.59856797460388,1053.0,21.994242055793183,81.21875294830782,84.83512636222443
307.5363456841796,299.8153585377895,3.4461744239082783,0.7293565187143385,105.95960096329996,0.5304837217184386,215.80555544013384,98.14365049722532,1229.0,23.149923723394185,83.30380880702131,65.80845109339771
275.6140280334765,270.2682184437978,1.2180012599651824,2.0929124484411683,221.96133658941181,0.6157325501296784,677.2006332829246,97.02006712267396,1168.0,25.600014164593663,148.75389899508764,91.54137361468429
316.9384606795334,313.00243280752676,3.4652358797101313,2.306307304399893,146.41333759414866,0.6975539612999447,694.3145335346178,98.72225095630134,1199.0,20.28176868395094,123.09204318013377,94.95304281618829
273.9096594791077,269.8795847607987,1.1694022063206684,1.5939948216000437,203.08612082184445,0.6232725380148237,607.3623878629724,96.1303277141065,1332.0,23.542172554039972,115.77015783720992,91.90274369943006
288.47871340006145,281.70232034740064,4.536582845467269,0.6783616890121011,185.91317666405726,0.7611273868716906,768.1673512913645,99.43838007927988,1232.0,18.200321624041468,116.96893606139011,74.75834676703411
271.6377308868942,264.47970709938573,3.838313140402483,0.8906012888722934,149.74343223631448,0.6880793163658345,752.162703304427,97.45102728163543,1062.0,20.099107781868994,48.684614288846205,44.31578683578021
315.84283205318263,309.3112688915316,1.692511385690013,1.8457653229647484,285.76741196796456,0.5245008826858533,1036.613041032693,98.70485642379299,1150.0,21.709757823972744,66.90802676931612,97.93046189950371
265.6995081428312,261.47664228102934,1.3668840232967923,0.7118495778928764,112.67338818516242,0.5420115640338428,308.6571032622624,99.16367793786601,1125.0,18.247958307849075,8.219211378607106,55.11110189529633
257.9191902605014,252.9583292936649,1.734132915521276,2.943664039634697,65.51211785604268,0.5650149512918117,425.1776661055454,99.89426019367855,1330.0,22.941355684429112,141.64940444618227,14.68093522322715
283.2813089001975,280.46851068697487,4.92010871821677,1.2245718953368419,208.25680735075105,0.36624783777457204,993.0049789596304,96.0973337614104,1122.0,23.426484867213667,77.9396787305665,49.11688058163804
319.5044116636294,315.2970709963572,2.8342425698339593,1.5572504907427347,256.112154972754,0.41624384268978115,1047.8368672236547,96.40577282646093,1055.0,23.973853718704373,78.88290427576324,97.33237386869278
312.9590223065694,307.92322502832315,4.136323793365632,1.879440220123341,26.47231588287827,0.8061796615017702,1194.8242136208678,96.22712212498625,1294.0,22.132596038744097,44.16412768805281,31.7273617030689
303.6595212647017,298.4334186488159,3.5456333684311074,1.9581337157420176,143.14531620046395,0.572367698065456,1072.9120163870841,96.28806952758293,1171.0,22.831557319829013,37.696910662697206,77.96580707639474
312.9015119071041,309.9267633978412,3.2896525998345494,0.5058124768618019,269.358991560888,0.4501772807921005,1089.8990070723312,97.85397923354296,1038.0,21.168522010227896,105.80794732242526,98.94135532674308
313.0740315803611,308.8266175507533,1.5805210186601988,0.8922462984954413,228.64130639301723,0.6938706874024001,514.3479426299048,99.86826036341463,1275.0,18.3300242600525,41.85954273666164,98.17286813310068
288.7257934251192,279.98256876023623,4.78409781423238,3.519675973093073,297.66519920182407,0.828877679731399,601.6616340093764,99.8523626267545,1084.0,18.799614846196103,11.557593281783593,74.58893956301634
275.53538836900157,266.6762975440354,2.2053705300588717,0.5043157187916785,166.45293630521448,0.48019565364176,468.085104820551,97.58118883367531,1347.0,23.239967393611714,138.1513348765617,71.06748444894365
305.18080808721425,301.30397486636656,3.3120688632301687,2.2785857453450626,203.0987798583281,0.8787529173466211,806.2993981927156,98.13123333029691,1332.0,25.96444239668621,67.76449819314587,94.6556926752817
298.0079821059045,290.87711090304623,3.7991037783562644,2.2132570227752284,101.20688012430952,0.9492534017375347,1138.8053542070384,99.21385566413787,1147.0,18.12642591330637,68.4424051018748,64.95140181357019
279.28775237679116,269.20682638458953,3.5969326209812356,1.6658295635372324,285.04764590480784,0.7181761703516885,544.6408865116177,99.57137394642218,1222.0,22.460667974611063,77.63729067284244,71.90017704754445
261.14033342399847,252.96035036235267,4.762377638782073,2.009644570512574,119.40561423861284,0.7682633612941057,757.0017818814503,95.99891707391477,1227.0,24.008070023060462,146.7080682134569,18.71305749711328
303.5413247376867,301.21862902154345,1.593755959680232,3.232033981343045,225.47555311568914,0.3368031932261387,496.29963045348507,97.58985447181803,1261.0,24.61419862411103,57.75064126916708,97.37898233689094
272.0599335349862,263.6734609642018,3.0334109537877683,3.4442129717523473,129.89495817393833,0.9618639237153346,369.7999737727075,99.08090156784141,1027.0,22.36163920978112,136.4465180264105,32.518071683723726
315.89285478469566,309.3178837782808,2.616137562963064,1.411219901953375,175.1183950679548,0.5747393139854606,395.1855298186557,96.4856901755095,1129.0,22.95932784147284,169.11807134031778,96.46123497089393
270.6630873753695,266.0646457857672,2.8966749179304725,1.6287165433870543,220.13802248114067,0.946730280381801,257.9453445381299,97.1550643081543,1068.0,23.573799562196427,118.95627526646389,58.985756531618435
262.9792656067466,254.4435282807512,1.4768701047909785,1.3486899855991645,160.04623324913595,0.7052842673251698,1149.2935230092576,99.82954339740884,1278.0,24.871729997547444,77.70259461186444,63.20154005944462
309.0223236881189,303.4469873459163,1.5363784394910613,2.179521901928728,273.5196031692099,0.30323315919032934,602.8796085076297,99.82672881393228,1027.0,18.97831629762255,134.60215016639964,98.43372790703138
264.9634805805921,261.4666544285398,2.1123021831250295,2.891404251805845,134.50078155942592,0.326979399526405,1034.1208920021081,99.43992337274939,1206.0,25.409457570198906,82.42152655524939,38.8373513243406
266.65244003025305,260.85368189695794,2.218818415043325,1.298885064121972,199.41546247084767,0.7762931639689453,881.3294726896911,98.91239688965749,1291.0,18.20813922841256,74.59690879946535,70.81724368251668
293.95988144885484,288.88863046631036,2.7116128547254,1.6575750971920333,112.57329349051543,0.6938676096823531,391.9211614110854,96.31873945354175,1379.0,24.6895980076622,94.55096944308298,68.0881362463397
311.8465326544352,309.93982011622137,3.443950188146513,3.7563461615620266,131.3246504458387,0.31857270604425203,375.46224657908783,96.57216536292923,1115.0,18.61392341247758,57.190020265672885,58.7321296792081
267.76825327144724,261.2825943998125,3.538516469673052,0.6699925144643533,140.41428084656243,0.8204219728556696,1011.9882015105449,97.68168592190389,1003.0,19.557025692839378,18.765038930400216,47.56765339782671
275.1710387385062,268.8686729884801,2.647243586342281,2.112693618338482,50.8550002190013,0.8965017359484271,464.71171061953737,97.74780913535386,1289.0,18.031153171049063,74.67336099470974,29.669745224822762
305.53131448567655,299.07610068893825,2.6351324377147884,2.9904531455887224,41.141248531816906,0.6474922377075157,1113.2851837019757,97.47696381484963,1000.0,21.562053644288326,22.294238603274348,44.661977091299654
318.1687176939629,312.5504727115832,1.870514106787848,1.0265890404511593,205.23462809682601,0.6260302082500784,340.0554046894906,98.1196843715899,1026.0,20.67487381373914,73.8794652399804,96.9852941001333
287.5481771031522,283.9617652421648,3.353224993636033,0.6658090700191865,201.82255542776988,0.3038311761842392,877.7086144544695,97.00078281090165,1396.0,19.32794329189622,100.24806981842106,75.62823937832312
264.3533376658313,257.72262477216003,2.2681636452689515,0.9837188007348576,203.92926854987715,0.8506547987455195,1014.4738760309339,98.67095337084612,1345.0,21.60872128643125,167.52801261701643,72.19591603450907
255.9058587010331,252.41643879738155,1.1442393371094548,3.71588117735739,20.633436922667126,0.5315012467222737,435.256388415645,96.63439463974395,1283.0,21.21896706537747,6.520019588154646,5.411573798605461
269.9276419499256,263.6581552471176,2.6736001766274415,0.5324092363739319,108.06585016145728,0.9151345338477777,476.20736345656604,96.62031728503713,1334.0,24.14128826158993,111.86251317034996,58.49946390743796
263.56844415612386,258.2988670947604,2.8965307003606813,1.1591269118397314,71.37580646887113,0.5611424112906371,1164.5188861392016,95.62340721326996,1030.0,25.14504244856026,82.39233359701392,18.744196077187752
299.04781378483574,291.0944093933165,1.902371472816844,0.609492295155756,236.7731554250435,0.6955545374414939,464.5976053461583,95.9246898291417,1035.0,23.220538014136654,3.64700307674505,96.94881646392317
262.9191128008545,258.13255405815534,3.2898317324884627,0.8872031364677114,260.2796643978971,0.48923925173952926,629.9570499000479,99.16755230671465,1120.0,18.995283109812192,44.918671668969665,57.89262617713064
287.9114455553412,283.3753355157139,3.2630876017276838,2.670522503199037,85.30390750945199,0.41241181880944305,632.5155932423661,97.18678345904416,1009.0,20.363126357678805,21.32734542386428,39.21476695578146
300.1270583167876,293.4974445981751,3.8080087244414855,1.3457361805868002,205.33701027167612,0.8424355323669295,453.0347499296836,96.11655215410889,1355.0,25.30654637465824,39.02294623166005,88.84560584278005
292.77257959935866,291.74125526391316,3.59179392880484,2.492242176507369,51.868398985608216,0.6476133351923972,975.7910864370905,98.7207713901097,1022.0,18.709875944063114,49.42264382296527,34.51979948252037
267.98541735790377,260.7798679653536,3.6097322260841262,2.5656838396814416,93.4184697964883,0.6755415466265755,971.8493432291552,97.71450751650261,1217.0,21.25484671512661,72.23514036879533,25.604774041564625
307.2680942018471,300.3423830392996,2.2648566072961724,3.4730236658142264,54.516531426524566,0.9757911674372148,578.3180142237857,95.10366445597414,1341.0,25.54003695386785,95.22709082800026,66.29407642218452
301.5014634250271,296.00504434163156,4.149728887943816,0.5165948751915588,95.80341848078032,0.9745059385555075,1035.1257910807337,96.5501711409499,1293.0,25.605318731755887,0.17819890674949823,84.25071503310329
303.0339602545102,295.85586755437873,3.1965775343987177,3.4867931076982837,207.2999159945442,0.8989494851916824,413.07493439900236,95.86730691449458,1093.0,21.28962541639114,29.136484913173344,84.95005853441732
263.51875385122537,264.074054083791,2.7256727807195604,2.666916802494409,274.44316940279697,0.4313265049355235,204.30577566767866,98.21377701881592,1188.0,23.339175104790378,16.841949409584128,44.30345740168525
263.0439972372724,255.9163654793965,3.5040499237642284,1.0696022013673516,72.718886258393,0.7159908860111059,771.167362055741,96.34765209908824,1219.0,21.65396478683199,98.94121186729387,18.237280008489147
315.291565815423,308.51634292097384,2.442629337801017,3.205280858473494,169.49252496095497,0.9147031972588762,1194.0777724523784,95.31823921812872,1307.0,24.027684315490735,59.23347667222857,98.77051405912381
280.84258259862116,273.7124614267711,3.050956978427033,3.49422039626705,214.8964638543782,0.5621247555142563,238.6443098268846,95.26918144706858,1170.0,18.252650645543987,98.71159248624926,45.203433164425746
274.5616649657611,269.5636646515164,3.946822753928881,1.3899221931395505,286.5829035183862,0.37077431615490947,407.99807370846054,97.85046375999771,1114.0,19.15325719137087,39.928194391442005,47.48812711830635
286.75796294784965,280.0995733613146,4.545611546894831,3.715777883159383,188.86723762284456,0.8676740315679452,718.9146424870842,95.10644493295004,1318.0,22.913590428348794,4.361283735765276,52.78795283772758
298.08617382963286,294.12463585098874,4.684228789180766,2.0906010060453024,87.7054753428035,0.6372344859535202,1009.9407364448706,99.15908135436683,1354.0,19.86041809954451,169.44604222864442,48.67437927979758
317.1155117080531,311.64707108539636,3.014531700732397,2.611985590166625,193.26127472047185,0.695074876251425,289.0420050750532,95.76144588436065,1195.0,23.32841839415319,19.495461814018924,93.72497300241129
273.6190047473336,268.4640513713351,3.0811004589622764,3.9462733676617527,106.3399810782346,0.987501007422491,595.2346537588944,97.97217504245761,1011.0,20.809783419690387,22.834574633109025,39.54603031795824
315.11254790528176,308.5533362139028,4.199481643055346,1.7653762752371978,293.1965913471367,0.7250480013458505,947.0758006298863,97.17897133725266,1200.0,25.09316446502257,26.37842877182529,97.02693200464563
256.6158669401067,250.30018275466324,2.257802766976805,3.346057710370395,128.90769852163652,0.5974855699662709,571.5432084063616,97.16997245403633,1355.0,24.55407508447989,176.6297743187891,29.54784182094273
291.0878727512436,291.6827056423,4.349529449380274,1.6143969123996087,210.34690041688904,0.5589890574930385,388.836420475639,95.35180599756423,1395.0,21.942702400550257,111.1788432305993,68.80051969682467
296.20838225927054,291.521704058896,2.9765665860696937,3.2972473278452186,21.619860968826167,0.592333504857832,395.4958273965873,98.93348602603986,1160.0,24.18316069675886,109.8521913066931,10.354747820333937
261.883331243799,256.00319569329577,1.4634268973410736,2.6025687160192486,129.01751214840527,0.38287935822506813,610.0487869149943,99.37595717529095,1060.0,20.16910308988072,177.60567627333532,38.23174952678188
264.1220738091543,255.4567411868547,1.2882365882917748,1.257244933288905,264.40566979691584,0.8563253908923003,679.4170748058912,95.05398167018272,1228.0,21.9540782144949,15.918978469437858,88.53225151102335
282.2424307555597,272.8501241392052,4.367972844157853,1.9490913282623272,188.91482166347507,0.8864018007309287,1061.814417816014,95.87516046091588,1332.0,19.579856414906224,175.41016065761204,57.99553015384633
317.8050742893068,314.87105890698336,1.2222716676275116,1.6117247202724658,141.52372262285326,0.4990779942013862,842.2524185679936,99.42913052509785,1378.0,24.88708934816795,36.72236637972736,99.37757605873612
293.74276596023424,287.86519011854733,2.1224457445346236,0.7733793757812736,281.7421873391819,0.5126576328869609,890.4019545155014,97.69251870272029,1020.0,24.58454093254732,112.15287064116637,98.08733051893643
315.6465094040137,308.4545029738518,2.3365201620061833,0.6044216953489412,258.3855472019603,0.9120339794343693,1182.987171535907,95.73519393341623,1116.0,25.21719734727201,75.6150417545025,98.24972487591943
307.2834595148431,303.2430649378615,1.6919777807663752,1.7126752939251333,106.8314670395374,0.3167792488695688,611.8434403009737,95.99367321778487,1191.0,25.019815849794075,69.11132642589207,88.67397205505048
285.37980410109395,281.0031661347416,2.255573479207957,0.566619517361203,170.19629458178179,0.6643202106370594,603.3544032491284,98.23393259676186,1039.0,25.67677009647596,167.62379912630325,92.17581279513071
306.00962420139217,298.399349195385,3.9707702669003426,1.0792071515362127,154.59991298635188,0.6245730002770506,1123.3469677258122,98.55160242900968,1354.0,19.826689853055406,26.86099111924616,84.90979963703477
256.1593909585042,247.09459949676005,1.058731374240283,3.0381416229780407,195.17771253273577,0.7830887387049218,445.8755870050586,97.93719136204169,1044.0,25.454594326362525,179.47242199372386,54.831526301208065
262.0943597897728,258.10156872494457,4.308693698082745,2.9783193248925577,110.22171108324534,0.4143741901046181,929.8152463028666,99.67042706157139,1266.0,22.56970553081598,68.24251099647874,9.67543137069405
308.91285996737787,303.62798128237796,4.426192094298233,3.0850313526008395,84.59842521827815,0.7678315185566076,954.5731382181347,97.42091165794271,1367.0,21.379960671345216,116.77948269993979,58.48509867154128
306.79311074113554,302.14239899687584,2.4890462927661927,1.6100360989549256,275.11147304782776,0.5637138055124135,297.78799744544307,96.47133236949838,1274.0,22.482991167742984,174.22321166700482,96.30766252690002
270.1216482278182,261.9422479554916,1.6144515962425392,3.6150680999119342,278.3042323570743,0.7331003447187494,668.2314056935841,97.3384412588814,1305.0,20.74081885320222,10.368189068215461,81.55225283830922
289.5000233889385,287.0220910000739,3.4033616317803235,2.5784069180995663,255.34702244216402,0.32806650691094313,400.562471321554,96.76236483896639,1105.0,20.308424055687617,166.1155853265343,65.73939109380234
294.39102834550073,287.0152800777154,1.4786902234595773,0.9410921961131928,293.7882627679,0.6232090380291566,385.3752728024857,96.09963787410597,1330.0,19.93051470382023,102.20604936378179,97.92020409493861
311.40303199544076,304.26219322218475,2.45967744431301,1.0030153150943695,227.32258484721123,0.6655756257876604,663.8281104628762,95.22521992176668,1167.0,18.659423915657015,126.79143821594141,98.33507510375134
294.2019652270172,287.42509658063784,4.83371672360389,2.925833994253955,232.9301601401699,0.4500284819984906,489.42970750806495,96.72584121846911,1024.0,21.9725191771775,26.853153099542702,54.29463925310161
281.8171520027892,280.2932810222714,4.981857890334549,1.1053037775472732,232.3381762093526,0.3977365579253845,996.0604476258709,98.48590580377774,1146.0,25.1020934057111,96.00973754958581,58.50711644970672
279.32196282146685,276.1238981390753,4.088419565418342,2.275524455537152,151.97317481855737,0.431932012108611,1107.6048913904824,95.09034523408845,1139.0,23.04121575419508,121.23246865054386,36.361897809202574
282.68233561427814,278.7679285129056,2.243846039683065,3.9712106657504873,145.08887543656743,0.5408987546443436,1002.7206052883656,97.15197471470908,1208.0,22.167805062046188,82.12451532978272,63.54180470375827
297.3755166626983,295.91277916213085,3.75066019666437,0.5140266165666882,83.4644887024659,0.36776710451348,466.03087262166525,98.15564606710436,1105.0,21.42874334600733,27.89733205909021,59.34631851395103
311.3868910639011,309.7959762679619,3.821625461936051,0.5580293066414492,198.7734703923978,0.963123857010723,474.1343936886084,97.99098013495411,1184.0,21.715213010537536,43.941433515403794,97.12214576695729
284.5032973349595,275.2420248480747,2.551366780654599,3.9757960367567726,97.45623878916534,0.583495843047072,454.7283501174674,98.80557733585471,1171.0,19.674218780575607,153.79070237882974,38.22736082670747
271.1095715918383,262.2874707833803,3.5635545383446376,2.5462359194695794,88.47539676517101,0.8662787217547243,335.0380960562361,98.97154660673301,1130.0,24.583487017544776,6.204778709897301,18.217003276336495
270.38305359484275,261.13491649260163,1.042910579902705,0.944184914314796,181.9989916173756,0.9820919861761925,1143.7983681037113,98.487358522505,1278.0,19.587063706252223,127.59517411934623,92.1933643037073
303.490928215824,297.4800368705706,1.8362306344089658,3.6405576991393276,131.8449806441373,0.3565146960019174,602.0477981570693,95.50370871110927,1122.0,23.732982053818503,179.89020657261483,79.0666360787044
308.0769696225542,299.1692747124991,3.1003532118690447,3.5813310504469227,77.37413350647017,0.7561686275544958,424.68947454587374,97.32760997562137,1306.0,24.079880091969223,1.3469392992179907,59.43545483877437
261.8430751905181,253.72392028528319,1.6550052170331835,2.3767014458898132,247.57596477455687,0.9099863607188496,1046.6710505082435,97.95668919168929,1100.0,22.598952336221874,28.988222907589186,76.42484801466894
259.3263257020866,250.18601290578965,1.6636274715061345,2.676272104512648,260.2624269988971,0.7439641037767097,599.1953026577905,96.20327359016632,1345.0,24.903410999638627,121.3459741607642,65.5103584199893
293.63818814416936,288.77337164305055,4.345217162200951,1.456155170253067,62.79436310816757,0.6003182849501889,235.11681110966657,95.2085039064692,1146.0,20.328402819605202,10.798350225362688,30.187069048434168
264.5012608725254,259.00447647758904,4.956532010734422,0.676818937302018,17.139504347999964,0.6017534503465567,361.9415702496312,96.09559257229263,1016.0,25.052937769942908,106.1621970940546,2.3687160277738517
308.60317237966217,305.71066012091126,3.2238777121137936,2.580986631118025,110.79704103087151,0.3251292202051512,839.25034035617,97.22898256848993,1059.0,23.835283676794432,123.1200186409901,73.74950335397033
275.17175380506484,270.24343324325406,4.356278923526854,1.5316431762096705,242.29058816901448,0.6742205259024927,982.9052741717239,97.02825856336754,1322.0,24.389998622094087,105.86634266053264,57.82646607145933
264.3516756431243,257.7054101341582,4.96128665730509,2.8226736633112317,254.16455187678247,0.9954800977507932,410.9343884887129,95.8656682085031,1348.0,23.316637676218512,65.73324654379209,33.20818999641407
314.86308071168423,306.2150094415896,1.5663835542750988,3.4268581189491045,54.42378498307403,0.9710952681803537,1117.3955892661422,99.03963615914913,1084.0,24.770744135919756,125.510813277595,86.52965065031972
265.75956197779306,266.4564007024501,2.7929824530174043,0.5635619037002741,235.68573183716958,0.3282794601895142,1050.9971200521645,99.53586467680995,1240.0,25.944790901741086,106.97299704248769,70.63841874267555
273.5068053519658,267.2582063929826,2.5702908633676795,2.584998211400046,47.975687683187395,0.7940579025406417,1048.380754061081,95.98660676335831,1229.0,21.36130283619711,37.374690976905555,26.212181473566094
264.9848706874838,255.81999179158217,1.32019713458474,1.3094818889039828,126.16783819461082,0.5112354066878515,427.6611467992141,99.55490728627939,1053.0,24.511325469676564,101.36439784531976,49.965075143730814
262.50685413824806,252.70907305325662,4.021320691178978,3.5586097426633048,299.603711778396,0.9320924073842956,250.5359886500577,95.08751869995838,1180.0,23.95663807614427,158.74329908500695,34.71234784933366
256.3746210618686,248.55603255402843,2.735116109290372,1.3878257729663996,69.88838462080929,0.33158032199649495,1067.4235394825837,99.53231611626404,1277.0,21.622961325696146,120.029991424281,13.27710996299832
258.6007015956769,250.90816655136325,2.877307736761605,2.6376954663239642,58.87962103462353,0.9551118714077564,505.8002287385674,99.66445107139646,1386.0,25.415591997860098,84.92247133089248,15.850252380122717
266.3516956108304,258.7663259940044,1.6026918952529607,2.4373929403136403,135.49809477583614,0.8862330206514437,818.9163811735259,95.05905412877803,1339.0,21.15540743658076,57.88513851650121,57.018856409775076
258.4698256207664,253.14577067992667,1.7237066089234725,1.886582750207371,191.6055299014105,0.38225306757682104,959.96688370073,98.73879455420607,1039.0,22.5237273302099,15.459517698763115,49.53843355512458
293.42434804721313,293.7971232777616,4.62841448862486,2.871672672599279,280.87672298777716,0.3418770361221094,328.29325851112014,99.75398770559224,1095.0,18.84753885592769,44.032883896625165,59.95873242741862
299.24644424196794,293.148434374764,1.1785963558971155,3.0401937215040187,294.53402647691473,0.884295365028855,980.8383545190479,99.43892087220712,1174.0,19.80620155253013,2.01361555563784,97.46124608819173
280.58597969408186,277.72921387117054,1.931409139774825,2.484282283617854,34.84758142854747,0.4090303696822055,1138.5114589610657,99.75647978986144,1060.0,24.725569364270086,177.5926651544936,21.495439556377338
275.66942130188323,267.57448738591194,2.1682373212581134,3.1544778301466394,54.32929244415302,0.6744287070831093,928.374965746409,97.69658517791844,1228.0,21.172421782630778,40.046805383173194,35.957558225315964
287.794205406445,277.94995824242613,2.9607901696063457,3.9419597659752816,240.36032256035824,0.9410214005150965,641.222748480558,95.3829650854384,1003.0,21.152672715322065,146.67766968336707,78.93093599853172
311.87532124524955,305.7730112663557,3.3457806920591837,1.967453357652818,92.13016339719523,0.6972136794845263,1076.6781387517028,99.16396706924468,1045.0,19.96784814552496,30.35607872489615,77.64991719747981
310.3235557434434,305.23579158449246,2.9731599034026663,2.301040681599358,267.1819819593128,0.5780633110309769,727.4576300725589,98.00775845346416,1018.0,21.932882674379634,51.04820692900331,96.36579738244347
